id,input,reference,sft_prediction,dpo_v2_prediction,winner,reason
test_000058,商品属性：类型=裤；版型=显瘦；材质=涤纶；风格=性感；裤型=阔腿裤；裤款式=绑带；裤口=开叉。,一款舒适有型的涤纶阔腿裤；富有心机感的腰部，将自然打褶与同色系绑带相结合，系上则贴合腰线并收腹显瘦，为纤腰的展现赋予了柔美的韵味；裤脚处的开叉设计，裸露美腿并凸显性感的魅力，使自信的漫步间洋溢着个性洒脱的时髦范。,这款阔腿裤采用修身的版型设计，上身遮肉显瘦，凸显女性身材的柔美曲线。腰部的绑带设计，丰富整体层次感，修饰腰线，凸显性感小蛮腰。裤子两侧的开叉设计，修饰腿部线条，拉长腿部比例，彰显女性性感魅力。采用涤纶材质制作，触感柔软细腻，穿着舒适亲肤。,这款阔腿裤采用的是优质的涤纶面料，手感舒适，穿着起来柔软亲肤，垂感好，不易起皱。裤子的腰间做了绑带的设计，可自由调节松紧度，穿着舒适。腰部两侧做了开叉设计，露出性感的小蛮腰，更显优雅气质。阔腿裤型遮肉显瘦，上身尽显修长双腿。,dpo_v2,dpo_v2的语言描述更自然
test_000013,商品属性：类型=裤；材质=蕾丝；颜色=黑色；风格=性感；图案=蕾丝；裤长=短裤。,牛仔短裤，黑色调，散发出性感撩人的迷人风情；简洁的腰头，显得腰线特别好看；裤脚边沿顺着蕾丝睫毛花边，微微蜿蜒的弧线婉约浪漫，整套look更显得精致了几分。,这款蕾丝短裤采用了黑色的面料设计，黑色具有较强的包容性，可以遮盖住腿部多余的肉肉。而蕾丝的面料则具有较强的透视效果，展现出女性性感的腿部曲线，让人忍不住多看几眼。,蕾丝的元素总是能够给人带来一种神秘的感觉，这款黑色蕾丝短裤，将蕾丝的优雅与性感展现得淋漓尽致，让你轻松穿出女性的柔美。,sft,dpo_v2的主语变成蕾丝了，但是这个主要为了介绍的商品短裤没有凸显
test_000141,商品属性：类型=上衣；版型=宽松；风格=休闲；图案=刺绣；衣样式=毛衣；衣领型=高领；衣袖型=喇叭袖。,这款毛衣属于非常宽松的版型，穿在身上很休闲，大气，包容感很强。小高领的设计，精致可爱不挑人。喇叭袖的设计，很好的修饰手臂的线条。刺绣花朵点缀袖子，举手投足间尽显迷人的魅力。,这款毛衣选用优质的面料，手感柔软舒适，亲肤透气性极佳，给你带来舒适的穿着体验。简约的高领设计，修饰脖颈线条，凸显女性优雅气质。精致的绣花装饰，打破整体单调乏味，增添时尚气息。宽松的喇叭袖型，修饰手臂线条，凸显休闲随性。,这款宽松休闲的毛衣，采用了高领的设计，修饰脖颈线条，更显修长白皙。同时，袖口和下摆的蝴蝶结装饰，俏皮可爱，凸显女性甜美气质。此外，衣身精致的花朵刺绣，栩栩如生，打破单调乏味感。而喇叭袖口，修饰手臂线条，让穿着更加舒适。,dpo_v2,两个的介绍都很好，但是dpo_v2的语言更自然
test_000126,商品属性：类型=裙；版型=宽松；材质=蕾丝；图案=蕾丝；裙型=蓬蓬裙；裙下摆=花边；裙长=连衣裙。,这款新春连衣裙采用了可爱宽松的a字版型。可以轻松修饰身材上的小缺点。公主一般的蓬蓬裙体现出小女人的可爱精致感。采用了手艺精湛的刺绣工艺打造出高端华美服装品质感。同时还运用了大量的蕾丝元素并将它用花边的形式呈现出来。给人一种高贵典雅的美感。,这款蕾丝连衣裙，采用宽松的版型设计，搭配上蓬蓬的裙摆，整体显得很飘逸灵动，凸显出女性优雅浪漫的气息。领口和袖口以及裙摆处都采用了花边的设计，凸显出甜美可爱的感觉。,这款连衣裙，采用宽松的版型设计，穿着舒适无束缚感。蕾丝花边装饰领口，增添甜美气息。荷叶花边装饰袖口，丰富了整体层次感。蓬蓬的裙摆，更显俏皮可爱。,dpo_v2,两个的介绍都很好，但是dpo_v2的语言更自然
test_000115,商品属性：类型=裤；材质=混纺；风格=休闲；图案=刺绣；裤款式=抽褶。,运用了带有弹性的面料，还有着抗褶皱的功能，因为其挺括性，可以衬托出男士修长的腿部轮廓。同时，轻薄的款型带着混纺的材质制作出来，更适合于休闲运动的场合，笔挺的造型衬托出腿部的修长感觉。裤兜处的精致刺绣更是彰显出男士独有的魅力。,这款裤子采用全棉混纺面料，手感柔软舒适，透气吸汗。腰部的褶皱设计，让裤子更显立体感，休闲时尚。裤腿两侧的字母绣花设计，打破裤子的单调感，增添趣味性。,采用纯棉的混纺面料，带来舒适的穿着感受，适合春夏穿着。裤身前幅和侧边点缀着精美的刺绣图案，增添几分俏皮感。裤脚的褶皱设计，丰富了整体的层次感。简约的版型，轻松穿出休闲气息。,dpo_v2,dpo_v2在描述中增加了对衣服穿着季节的内容，更具有亲切感和交流感
test_000072,商品属性：类型=上衣；材质=针织；衣样式=开衫；衣门襟=拉链；衣款式=拉链。,采用弹力的针织面料，柔软舒适松紧适宜。拉链开衫设计，方便穿脱时尚前卫。肩部网面拼接，透气吸汗。腰身两侧可开拉链设计，内里为网面拼接和肩部相互呼应，有整体感，造型多变。后颈部用心的小细节设计，可调节式织带显独特个性。,这款针织开衫选用优质的面料制作，手感柔软细腻，触感舒适，亲和肌肤。精致的针织工艺，使得整件衣服立体饱满，充满时尚气息。隐形拉链的设计，穿脱方便，美观实用。,这款针织开衫整体采用的是假两件的设计，使得这件针织开衫的层次感十分丰富。领口处的金属拉链设计，不仅增加了整件针织开衫的亮点，还让这件针织开衫的实用性大大增加。,dpo_v2,dpo_v2的语言描述更自然；sft的语言虽然介绍了很多，但是感觉有些生硬
test_000053,商品属性：类型=裙；材质=蕾丝；风格=性感；图案=蕾丝；裙长=连衣裙；裙领型=半高领；裙款式=收腰。,这件连衣裙可谓完美演绎了不是人间烟火的高雅气质。木耳边与轻盈网纱带来别致女人味。睫毛蕾丝勾勒的半高领，修饰修长的脖颈线条。花型蕾丝元素，微微露出脖颈肌肤与手臂线条，带着若隐若现的性感。合体的收腰版型勾勒出曼妙的身材曲线。蕾丝元素下摆，行走间更具柔美风情。,这款连衣裙采用了蕾丝拼接的设计，性感迷人。加上半高领的领口设计，凸显颈部线条，显得更加优雅迷人。而腰部的收腰设计，更是勾勒出女性婀娜多姿的身段，更显妩媚动人。,这款连衣裙选用蕾丝面料，质地轻盈飘逸，手感柔软舒适，穿着透气亲肤，带来极佳的穿着体验。半高领的设计，修饰脖颈线条，展现女性柔美气质。收腰版型设计，勾勒出女性曼妙身姿。透视蕾丝裙摆，若隐若现，增添几分小性感。,dpo_v2,dpo_v2在描述中有手感的描述，更具有亲切感和交流感
test_000045,商品属性：类型=裙；颜色=深蓝色；风格=性感；图案=撞色；裙长=连衣裙；裙款式=不规则。,深蓝的连衣裙色调沉稳而不显浮夸，设计师仅以复古的条纹勾勒，加以蓝白的撞色点缀，在丰富细节亮点之余，也更具吸睛抢眼的时髦个性。而吊带的设计，让你肩部的肌肤些微裸露，不经意间散发的性感气息将你迷人的风情演绎的淋漓尽致，搭配上不规则的下摆设计，优雅天成。,这款连衣裙的亮点在于裙摆的设计，裙摆采用的是不规则设计，让整体更有层次感，搭配上深蓝色的裙身，给人一种优雅又随性的感觉。同时在腰部还添加了撞色条纹，既修饰了腰部线条，也增加了整体的时尚感，让穿着者更显性感迷人。,这款连衣裙整体采用深蓝色调，给人沉稳大气的感觉，彰显都市女性的优雅气质。前襟的开叉设计，性感妩媚，散发出女性的魅力。裙摆的不规则撞色拼接，层次分明，富有设计感。,sft,dpo_v2的描述中有“前襟的开叉设计”，但是这个并没有在商品属性中提及
test_000217,商品属性：类型=上衣；版型=宽松；材质=棉；颜色=纯色；风格=清新；图案=纯色；衣样式=开衫。,拥有春天般清新的纯色开衫，在春季怎么能少。基础的纯色系渲染，在搭配上能与衣橱所有的衣物组合，打造宝贝帅气的模样。宽松随性的版型，穿着休闲又日常，精选柔软的棉面料，让宝贝在春季穿着刚刚好，清爽又透气，享受舒适的穿着感。,这款来自的儿童开衫，选用纯棉面料制作而成，触感柔软舒适，穿着亲肤透气，给你宝贝带来舒适的穿衣体验。宽松的版型设计，不挑身材，轻松驾驭。衣身采用简约的纯色设计，彰显出孩子清新脱俗的气质。,简约的纯色设计，搭配宽松的版型，上身舒适的同时也带来了几分休闲气息，整体看起来更显时尚。选用棉质面料制作而成，手感柔软细腻，上身舒适亲肤。开衫款式，方便穿脱的同时也增添了俏皮感，减龄效果明显。,dpo_v2,sft的描述中有“来自的儿童开衫”，但是这个并没有在商品属性中提及
test_000017,商品属性：类型=裙；材质=蕾丝；图案=蕾丝；裙下摆=开叉；裙长=连衣裙；裙领型=圆领。,一款优美的圆领连衣裙，穿起来优雅又时尚。蕾丝花朵装饰衣身，像整个人漫步在花海，充满浪漫气息；侧边开叉蝴蝶结，优雅灵动很显大气，上身减龄又衬气质。,这款蕾丝连衣裙，采用圆领设计，修饰脖颈线条，展现优雅气质。而蕾丝面料，手感柔软舒适，带来细腻的触感，穿着更加亲肤透气。加上裙摆一侧开衩，露出腿部肌肤，行走间更显飘逸灵动。,蕾丝连衣裙是春夏季节的时尚单品之一，这款连衣裙采用蕾丝面料打造而成，手感柔软细腻，穿着舒适透气。圆领设计修饰脖颈线条，凸显优雅气质。裙身点缀花朵刺绣，增添甜美气息。侧边开叉设计，方便行走。,tie,两者描述都贴合商品属性，语言自然流畅，各有亮点不分优劣
test_000016,商品属性：类型=裤；版型=宽松；裤长=九分裤；裤型=直筒裤。,这一款裤子腰部串珠的装饰，增添看点自然出彩，立体的裁剪，符合女性的身材曲线，轻松的勾勒出女性曼妙的身材。加上九分的裤长，精致优雅气质不凡。直筒宽松，不挑身材包容性强。,这款裤子采用了宽松的直筒裤型设计，对身材有着很好的包容性，穿着舒适不紧绷。九分裤长设计，露出纤细脚踝，拉长腿部比例，更显腿长。,这款九分裤采用宽松直筒的版型设计，修饰腿部曲线的同时，穿着更加舒适自在。加上九分的长度设计，露出脚踝，更加显高显腿长。结合裤身多处的磨破元素装饰，增添整体层次感的同时，也打破裤子的单调感。,sft,dpo_v2 额外添加了商品属性没有的磨破元素
test_000048,商品属性：类型=上衣；材质=牛仔布；衣样式=外套。,一款柔软耐穿的棉质牛仔外套，独具一格的打褶毛边袖口，更显别致优雅。衣身的明线装饰更是增添了整体的造型。养眼的天蓝色让你在这个春日充满了活力。,牛仔外套是每个女生必备的单品之一，这件牛仔外套采用了经典的版型设计，穿在身上尽显时尚大方。而且它还采用优质的面料制作而成，使得它穿在身上更加的舒适透气。,这款牛仔外套采用纯棉面料打造，穿着舒适亲肤，柔软透气。袖口和下摆处的螺纹设计，贴合身形，防风保暖。后背口袋的设计，增加了整体的层次感。,sft,"dpo_v2 虚构了螺纹设计、后背口袋等商品属性没有的细节内容
"
test_000112,商品属性：类型=裙；版型=显瘦；颜色=粉色；风格=性感；裙型=直筒裙；裙长=连衣裙；裙领型=一字领。,春天来了，夏天还远吗？是时候准备一条美腻的连衣裙啦。粉色连衣裙是很多美少女一样就会爱上的单品，浅粉色不会给人过于甜腻的感觉，却又透着女孩的清新浪漫味道，很显气质。一字领的设计，大胆的露出肩颈曲线，带着几分性感，好身材显露无疑。直筒版型，肉肉女孩也可以穿哦，非常显瘦。,这款连衣裙选用粉色的色调，显得十分温柔浪漫。一字肩的设计，露出锁骨线条，展现出性感的女人味。直筒的裙身设计，遮肉显瘦，修饰身材比例。,这款粉色的连衣裙，修身的直筒版型，勾勒出曼妙身姿，让你更显优雅气质。性感的一字肩设计，露出锁骨和肩部，彰显女性柔美魅力。,tie,两者描述都贴合商品属性，语言自然流畅，各有亮点不分优劣
test_000120,商品属性：类型=裙；材质=蕾丝；图案=蕾丝；裙型=a字。,这款蕾丝裙的设计亮点在于蕾丝面料以及a字裙摆的设计，采用优质蕾丝面料提升了裙子的整体品质，同时a字版型修饰身材，遮住赘肉，减龄的设计，灵动俏皮，凸显甜美气息，是非常别致的设计亮点。,这款裙子采用了蕾丝的元素，蕾丝的元素能够展现出女性优雅的一面，让你在人群中脱颖而出。a字裙型的设计，能够遮住腿部的赘肉，让你的腿看起来更加纤细。,这款裙子采用a字版型设计，能够很好地修饰身材，勾勒出姣好身形。裙身采用蕾丝拼接设计，凸显层次感，尽显女性甜美优雅气质。,dpo_v2,sft的描述感觉重复的叙述有点多，显得有点啰嗦
test_000130,商品属性：类型=裙；风格=简约；图案=印花；裙长=连衣裙；裙领型=圆领；裙袖型=喇叭袖；裙衣门襟=系带。,素雅的浅粉色在炎炎夏日给你清爽的感觉。一款别致的连衣裙带你领略美丽风景，简约的圆领系带设计衬托出女性脖颈部线条和小巧的脸型，靓丽印花的点缀散发出浪漫柔美女性风情，喇叭袖凸显温婉而又不失时尚，裙摆设计行走间尽显女性自信和魅力。,这一款连衣裙时尚的喇叭袖设计，轻盈大方特别利落。简约圆领的设计，修饰脖颈落落大方。精致印花的装饰，丰富视觉自然减龄。腰间系带，凸显腰身精致优雅。,这款连衣裙采用简约大方的圆领设计，修饰颈部线条，凸显出修长白皙的天鹅颈。而衣身的印花图案，色彩鲜明亮丽，带来视觉冲击力，打破单调感。再加上飘逸灵动的喇叭袖设计，修饰手臂线条，更显纤细。而腰间的系带设计，勾勒出腰线，凸显出婀娜多姿的身材曲线。,dpo_v2,dpo_v2的语言描述更丰富更有画面感
test_000155,商品属性：类型=裙；材质=蕾丝；风格=青春；图案=蕾丝；裙长=连衣裙；裙领型=v领；裙衣门襟=系带；裙款式=不规则。,v领设计的这款连衣裙，再于前襟加入褶皱流行元素，打造出层次丰富的视觉效果，同时也更衬精致小巧脸型。采用钩花蕾丝拼接而成的后背，上身更是女人味十足。不规则裁剪的荷叶裙摆，以及腰部的蝴蝶结系带，灵动间又带点俏皮感。,这一款连衣裙精致的v领设计，修饰脖颈落落大方。时尚的蕾丝拼接，随风摇曳精致优雅。时尚的系带装饰，增添看点青春减龄。加上不规则下摆，错落有致个性满满。整体看起来给人一种青春活力的感觉。,这款连衣裙采用时尚的v领设计，凸显女性锁骨曲线，展现迷人魅力。而腰间的系带设计，勾勒出曼妙身姿，更显婀娜多姿。再加上不规则的裙摆设计，增添了一抹灵动飘逸的美感。蕾丝面料，轻盈透气，穿着舒适。,dpo_v2,sft的语言描述有点生硬，只是复述了商品属性
test_000007,商品属性：类型=上衣；版型=显瘦；风格=淑女；衣样式=风衣；衣领型=翻领；衣门襟=双排扣；衣款式=腰带。,该款风衣采用修身版型，上身后有一种女神范儿，在此同时翻领设计还能为你添上一丝淑女气质。双排扣加上腰带看上去非常有气质，符合欧巴心目中女神的穿衣风格。风衣的材质薄厚适度，适合春季过渡穿着，这样既能保证温度也能显示出我们完美的身材。,这款风衣采用经典的翻领设计，利落大方，修饰脸型，彰显女性干练帅气的气质。修身的版型搭配腰部的皮质腰带设计，拉长身材比例，凸显女性曼妙身姿。精致的双排扣设计，增添几分复古的韵味，散发出迷人的淑女气息。,风衣采用修身的版型设计，搭配精致的剪裁工艺，穿着更加合身舒适。经典的翻领设计，修饰脖颈线条，展现女性优雅气质。腰间搭配时尚腰带，勾勒出纤细腰肢，增添淑女气质。门襟采用精致的双排扣装饰，增添细节美感。,tie,两者描述都贴合商品属性，语言自然流畅，各有亮点不分优劣
test_000144,商品属性：类型=上衣；版型=显瘦；风格=职场；图案=拼色；衣样式=衬衫；衣领型=翻领；衣门襟=双排扣；衣款式=抽绳。,这款衬衫简约素雅的风格加上高级的颜色，适合职场ol的日常搭配，精致的翻领搭配上双排扣的门襟，相比一般的单排扣显得更有设计感，扣子的拼色细节，精致又减龄。腰间内嵌抽绳，前中系带，收放自如，而且可以凸显腰线，非常显瘦、显高。这个抽绳系带的设计还增加了俏皮感，使衬衫显得不那么正式。,这款衬衣采用经典翻领设计，修饰脸型更显精神帅气。袖口处采用拼色设计，彰显独特个性。前幅双排扣装饰，增添整体层次感，方便穿脱。腰间抽绳设计，收腰显瘦，展现曼妙身姿。整体版型简洁大方，轻松打造都市职场女性干练气质。,衬衫采用修身的版型，穿着更加舒适。翻领设计，修饰颈部线条，凸显职场气质。拼色格纹设计，增添层次感和设计感。双排扣设计，穿脱方便。抽绳设计，丰富整体造型，彰显个性。,tie,sft的描述“袖口采用拼色设计”在商品属性中没有提及；dpo_v2的语言描述有点生硬
test_000051,商品属性：类型=裙；材质=网纱；颜色=纯色；风格=性感；图案=纯色；裙型=百褶；裙长=连衣裙；裙领型=圆领；裙衣门襟=拉链；裙款式=拉链。,纯色的连衣裙采用了圆领设计，配合上肩部的百褶斗篷设计，层次感强，还可以遮掩肩部的肉肉。采用了隐形拉链的设计，简洁又不会破坏整体的设计感，同时在穿脱时更加方便，领口处的透视网纱拼接更是性感而又不会过于暴露。,纯色的连衣裙，没有过多花哨的点缀，反而能给人眼前一亮的感觉。简洁的小圆领设计，露出性感的锁骨，展现女性优雅的魅力。裙子采用百褶的裙摆设计，搭配网纱的拼接，凸显出少女的俏皮可爱。后背的隐形拉链设计，美观大方又实用。,纯色的连衣裙，简约的圆领，修饰脖颈线条。袖口和下摆处的网纱拼接，透出若隐若现的性感魅力。胸前的蝴蝶结装饰，增添甜美气息。腰部的隐形拉链设计，方便穿脱。百褶的裙摆，行走间飘逸灵动。,tie,两个回答都有点直接对于商品属性的白描
test_000184,商品属性：类型=裙；风格=清新；图案=条纹；裙长=连衣裙；裙款式=不规则。,连衣裙一直是女性们出街凹造型的神器，它兼具着时尚与百搭的特性，让很多美眉们爱不释手。这款连衣裙，下摆处采用不规则的设计，时尚而带有层次感，浪漫飘逸，同时为整体增加了设计感，让你行走间展示女神般的魅力。融入条纹的设计，清新雅静，不仅丰富了整体的视觉效果，同时还能拉长身形，散发出女性优雅知性的时尚气质。,这款连衣裙，采用清新甜美的条纹元素，打造出活泼可爱的气质。不规则的裙摆设计，打破传统裙子的呆板，彰显出时尚个性的一面。,这款连衣裙，采用了清新的条纹元素，显得格外的优雅大方，上身非常的吸睛减龄。而且不规则的裙摆设计，更是个性十足，让你轻松的展现出与众不同的时尚感。,dpo_v2,dpo_v2的语言描述更丰富更有画面感
test_000167,商品属性：类型=上衣；图案=线条；衣样式=外套；衣领型=翻领。,在简单利落的外套上融入利落的翻领设计，呈现出穿着者独有的率性气息，剪裁自然流畅，领边规整而又精致的走线。从视觉上拉高了颈部的线条，结合立体干练的版型，上身就能体现无懈可击的时尚调性。,一款非常简约大方的风衣外套，采用经典的风衣款式，翻领的设计，修饰脖颈线条，彰显干练气质。前幅的口袋设计，丰富了整体层次感。袖口的抽绳设计，增添细节感，穿着更加舒适。,这款风衣外套采用经典的西装翻领设计，不仅修饰脖颈线条，更显精神帅气。门襟和袖口的同色织带装饰，丰富了整体层次感，更显细节做工的精致。,dpo_v2,dpo_v2的语言描述自然一点
test_000180,商品属性：类型=裙；材质=蚕丝；裙长=连衣裙；裙衣门襟=拉链；裙款式=木耳边。,这款拼接的真丝连衣裙采用木耳花边的设计，穿着之后甜美俏皮又灵动。后背隐形拉链的设计，细腻不容易被察觉增加了整体的美观效果。,一款仙气十足的真丝连衣裙，采用真丝面料打造，上身舒适亲肤，透气吸汗。木耳边领口的设计，增添了几分俏皮可爱感，让整体的造型更加精致。腰间拼接的蝴蝶结设计，凸显了女性的柔美气质。后背隐形拉链的设计，方便穿脱。,这件连衣裙采用的是真丝面料，手感舒适细腻，穿着轻盈飘逸。袖口和领口的木耳边装饰，为整体增添了一抹俏皮感。后背的隐形拉链设计，方便穿脱，又不影响整体美观。,tie,两者描述都贴合商品属性，语言自然流畅，各有亮点不分优劣
test_000140,商品属性：类型=上衣；风格=青春；衣样式=外套；衣领型=翻领；衣长=短款；衣门襟=系带。,微凉春日中，最清晰活泼的选择，少不了一件短款外套。这件翻领系带短款外套，衣身选用简洁大方的明线设计，更显十足简约风格。衣袖选择飘逸非凡的系带设计，长长系带更突显街头少女的灵动活泼。而经典大方的短款设计，显露腰身，更显靓丽青春。,这款短款的外套，采用经典的小翻领设计，凸显出利落干练的气息，更显出女性的帅气与时尚感。搭配精致的腰间系带，打造出纤细的腰身，让女性的身材更加迷人。整体看起来十分的青春活力，彰显出女性的优雅与美丽。,一款很有设计感的短款外套，短款版型，穿着利落帅气，彰显青春活力气息。经典时尚的小翻领设计，衬托出精致小巧的脸型。衣摆处的系带装饰，丰富了整体层次感，凸显细节之处的设计美感。袖口的蝴蝶结系带装饰，增添了几分俏皮可爱的感觉，让整体造型更加甜美减龄。,dpo_v2,dpo_v2的语言描述自然一点
test_000108,商品属性：类型=上衣；版型=显瘦；材质=蚕丝；衣样式=衬衫。,衬衫采用棉和桑蚕丝组合的面料材质制作，具有吸湿性和保湿性好以及亲肤透气和手感柔软光滑等完美优点。能给穿者带来每时每刻都是好心情的美感体验哟。直筒的版型设计，不仅能给人带来满满的修身显瘦视觉冲击感。同时又是完全不挑身材不挑人穿着的哟。,这款衬衫采用真丝面料，触感柔滑细腻，穿着舒适亲肤，打造优雅女人味。宽松的版型设计，遮肉显瘦，不挑身材。下摆开叉设计，新颖别致，时尚美观。,这款衬衫采用真丝面料，手感顺滑，质地轻盈，带来舒适亲肤的穿着体验。简约的版型设计，上身遮肉显瘦，凸显女性优美曲线。前短后长的设计，丰富层次感，打造视觉亮点。,tie,sft的描述“下摆开叉设计”在商品属性中没有；dpo_v2的描述“前短后长的设计”在商品属性中没有
test_000057,商品属性：类型=裙；版型=显瘦；材质=水洗；风格=性感；图案=刺绣；裙型=牛仔裙；裙腰型=高腰；裙领型=v领。,这款带着水洗的做旧质感的牛仔连衣有着独特的迷人味道。v领的设计，显露出迷人性感的脖颈与锁骨，显瘦显脸小，上身气质又女人味十足哦。从v领延续下来的门襟一直到裙摆，以包扣点缀，加上扭结的高腰设计，时髦感爆棚哦。右边袖口和背后的民族风精致绣花，更让整体展现复古的优雅与恬静。a字裙摆，灵动飘逸。,水洗做旧的牛仔面料，手感柔软舒适，穿着亲肤透气，打造舒适的穿着体验。修身的版型设计，凸显纤细的腰部线条，搭配高腰的设计，拉长腿部线条，彰显大长腿的视觉效果。精致的v字领口，展现迷人的锁骨，散发出小性感的魅力。裙身重工的刺绣花朵，为整体增添了一抹浪漫的色彩。,这款修身显瘦的牛仔裙，穿着舒适又百搭。裙子采用水洗磨白工艺，彰显出独特的时尚气质。性感的v领设计，修饰颈部线条，凸显优雅女人味。精致的绣花装饰，增添几分甜美气息。高腰的设计，拉长身材比例，展现迷人曲线。,tie,两者描述都贴合商品属性，语言自然流畅，各有亮点不分优劣
test_000265,商品属性：类型=上衣；衣样式=外套；衣领型=翻领。,这件风衣外套在设计上极具突破性，不再是经典的风衣廓形，做了很多创新和改变。首先保留了翻领设计，但是不再是规矩的翻领，还有面料不再是挺阔的面料，加上下摆的百褶处理，穿着更显飘逸和灵动，没有一点点拘束感。,这款风衣外套，采用经典翻领设计，修饰脖颈线条，展现女性干练气质。胸前斜插口袋，方便置物，实用美观。后背贴布拼接设计，打破传统风衣的单调性，彰显时尚个性。,这款来自pawinpaw的儿童外套，采用经典时尚的翻领设计，不仅起到了修饰脸型的作用，而且能够起到防风保暖的效果，让宝贝在穿着时更加舒适。而它袖口处的收紧设计，又能在宝贝活动时防止寒风入侵，让宝贝的保暖性得到提升。,sft,dpo_v2的描述中“来自pawinpaw的儿童外套”等内容，商品属性没有提及商品品牌
test_000151,商品属性：类型=裙；版型=显瘦；图案=格子；裙型=鱼尾裙；裙长=半身裙；裙款式=不规则。,这一款半身裙不规则裁剪的设计，穿着新颖别致自然出彩。不挑人的合体微宽松版型，包容性很好，藏肉于无形穿着显瘦。特别是迷人的格子装饰，丰富视觉自然减龄。鱼尾大摆，随风摇曳韵味十足。,这款半身裙的面料是纯棉的材质，手感柔软舒适，穿着亲肤透气，而且不易起皱。修身的a字版型设计，可以很好地修饰腿型，展现修长纤细的双腿曲线。不规则的裙摆拼接，让整体造型更加立体有层次感。格纹图案点缀，增添时尚气息。鱼尾下摆的设计，更显女性优雅气质。,这款半身裙采用修身的版型设计，搭配鱼尾裙摆的设计，修饰出姣好的身材曲线。不规则的格纹装饰，增添一丝别致感，凸显出女性的时尚气质。,dpo_v2,sft的语言描述中重复的内容太多了，有点为了夸赞而夸赞的感觉
test_000264,商品属性：类型=上衣；版型=显瘦；颜色=绿色；风格=休闲；衣样式=衬衫；衣款式=不规则。,纯粹利落的经典衬衫款式，打造休闲时尚风，这款白色女士衬衫，简约的白色百搭又不乏大气美感。不规则的弧形下摆处理，让整体更具随性自然的休闲气息。宽松版型上身具有显瘦的效果，个性绿色贴布点缀，带来夏季清爽之感。,这款衬衣的面料手感舒适，垂顺有型，上身挺括有型。修身版型，修饰身材曲线，展现窈窕身姿。不规则下摆设计，休闲又个性。搭配绿色格纹元素，时尚感十足。,这款休闲衬衫采用宽松的版型设计，穿着舒适自在，不挑身材，藏肉显瘦。不规则下摆的设计，增添时尚感。搭配绿色的配色，带来青春活力气息。,dpo_v2,sft的描述中“绿色格纹元素”是不存在的商品属性描述
test_000208,商品属性：类型=裙；版型=宽松；颜色=黑色；风格=性感。,candie’s是拉夏贝尔旗下主打少女风的时装品牌，它旗下的这款宽松打底黑色吊带裙，以宽松剪裁构筑版型，助力于甜美少女完成舒适自在的衣着造型。辅以兼具性感与清纯气息的吊带裙样式，尽显轻熟少女妩媚气息。,这款裙子是简约的黑色，低调又不失时尚感。宽松的版型，对身材没有限制，各种身形的妹子都可以轻松驾驭。露肩的设计，凸显了锁骨和肩部的曲线，展现性感的一面。腰间的蝴蝶结装饰，打破了单调感，增添了几分甜美气息。,这款裙子采用的是宽松的版型设计，上身之后遮肉效果非常好，而且能够让你看起来更加的慵懒随性。再加上黑色调的运用，让整体的成熟性感度得到了提升，显得更有女人味。,dpo_v2,sft的描述“腰间的蝴蝶结装饰，”是商品属性中不存在的内容
test_000223,商品属性：类型=裙；版型=宽松；材质=针织；风格=高贵；图案=线条；裙型=鱼尾裙；裙领型=高领；裙款式=收腰。,舒适的圆领，修饰颈部线条，时尚狐狸头针织图案，立体生动。高领保暖，褶皱弹力，鱼尾裙摆，充满浪漫风情又结实耐穿，风格精致、迷人而不失物料的轻薄、飘逸的特性。重工钉珠点缀，轻奢华丽的质感璀璨闪耀光泽。收腰a字版型收腰塑型效果好，上身高贵名媛范，宽松的设计不挑身材。,精致的针织面料，上身舒适柔软。高领设计，修饰颈部线条，彰显女性优雅气质。收腰设计，凸显腰部曲线，展现女性玲珑有致的身材。鱼尾裙摆，拉长腿部线条，展现女性高贵气质。宽松的版型，不挑身材，适合各种身形的mm。,这款针织鱼尾裙采用精致的针织面料，柔软舒适，亲肤透气，带来极致的穿着体验。时尚的高领设计，修饰颈部线条，衬托出女性高贵优雅气质。松紧收腰的设计，凸显腰部线条，展现婀娜多姿的身材。宽松的版型，不挑身材，适合各种身形。鱼尾裙摆的设计，增添裙子的时尚感。,dpo_v2,dpo_v2的语言描述更丰富更有画面感
test_000002,商品属性：类型=上衣；版型=宽松；风格=简约；图案=文字；衣样式=外套；衣长=中长款。,采用了帅气的棒球领口制作而成的风衣外套自带潇洒随性的魅力，简约的风格有着落落大方的魅力，完美诠释着街头的潮女风范。宽松的中长款版型剪裁搭配上内敛低调的色系。充满着简洁明快的减龄魔力。而衣身下摆处的字母装饰时髦有腔调，有一种趣味的感觉，却又不会过于张扬，既丰富整体细节的同时又能让衣身变得更加亮眼。,这款外套简约宽松的版型，穿着舒适自在。衣身点缀着字母印花图案，增添了青春活力气息，丰富了整体的造型美感。中长款的长度设计，能够遮挡身材上的小缺点，彰显出女性干练利落的气质。,这款外套采用宽松的版型设计，搭配中长款的长度，穿着舒适不挑身材，适合多种身形的人穿着。衣身上的字母图案装饰，增添了时尚感和活力气息。简约的纯色调，没有多余的装饰，彰显出低调的奢华。,tie,两者描述都贴合商品属性，语言自然流畅，各有亮点不分优劣
test_000195,商品属性：类型=裙；裙长=半身裙。,半身裙在裙摆处添加双色织带点缀，与裙身底色形成鲜明对比，打破了单一色调带来的枯燥乏味感，为整体造型注入一丝活泼学院味道。,这款半身裙，采用纯棉面料制作，触感柔软舒适，透气吸汗性好。腰间装饰蝴蝶结，甜美可爱，增添俏皮气息。,这款半身裙选用优质的面料制作而成，手感舒适柔软，亲和肌肤的同时，穿着也更加的舒适自在。立体的剪裁设计，勾勒出玲珑的身材曲线，上身更显曼妙身姿。,dpo_v2,sft的描述中的“纯棉面料”是商品属性没有提及的；
test_000207,商品属性：类型=上衣；版型=显瘦；材质=羊毛；图案=印花；衣样式=毛衣；衣领型=圆领；衣袖长=长袖；衣门襟=套头。,来自，黑豹嵌花毛衣。精选100％羊毛材质打造，软糯轻薄，穿着透气。简洁小圆领长袖套头款式设计，略微修身的版型作为内搭或是外穿皆出彩。个性黑豹印花图案装饰，彰显霸气设计细节。,这款长袖毛衣采用修身的版型设计，贴合身形，修饰身材曲线，展现曼妙身姿。套头圆领设计，方便穿脱，舒适自然。精美的印花点缀衣身，增添视觉美感，彰显女性优雅气质。精选优质羊毛面料，触感柔软，穿着舒适，保暖效果好。,这款男士毛衣采用羊毛面料制作而成，触感柔软细腻，保暖效果好。经典的圆领设计，穿着舒适贴合颈部。套头式的设计，穿脱方便快捷。长袖的设计，修饰手臂线条，遮肉显瘦。胸前的字母印花图案，增添整体的时尚感。,dpo_v2,sft把“显瘦”直接误解为“修身”，这两个是不一样的
test_000041,商品属性：类型=裙；颜色=粉色；风格=淑女；图案=印花；裙型=百褶；裙腰型=高腰；裙衣门襟=系带。,过膝至脚踝的长度将双腿都隐藏在裙身当中，再搭配上高腰的设计，展现出曼妙高挑的身材。淡粉色的款式更能衬托出甜美的气质，小巧的印花图案还增添了淑女感，也有减龄的效果。ｖ领搭配系带的设计更显乖巧，风琴百褶的裙摆富有层次，轻盈流动。,这款裙子的面料轻薄，质地柔软，亲肤舒适，上身非常透气，没有闷热的感觉。裙子是高腰的设计，修饰身材比例，拉长腿部线条，展现完美身材。裙身的印花设计，打破单调，增添一丝浪漫气息。裙摆是百褶的设计，让裙子更加立体，走动间尽显优雅气质，甜美又淑女。裙子领口的系带设计，凸显女性柔美气质，更添几分俏皮可爱感。裙身的粉色，衬托肤色白皙，尽显女性娇羞。,温柔的粉色调，上身很显气质，彰显出女性优雅甜美的气息。高腰的设计，拉长了身材比例，显得更加的高挑。腰部系带的设计，凸显出女性柔美迷人的曲线。裙摆的百褶设计，走起路来随风飘扬，增添了几分灵动的美感。裙身上的印花设计，丰富了整体的层次感，显得不那么单调。,tie,sft的描述丰富；dpo_v2的描述自然
test_000179,商品属性：类型=上衣；版型=显瘦；风格=简约；图案=线条；衣样式=针织衫；衣领型=圆领；衣长=短款；衣袖长=七分袖。,简约百搭的针织衫特别有范，胸前火烈鸟图案充满了个性和活力，精致优雅带来满满的俏皮感。经典圆领设计修饰颈脖，显得简洁大方，短款修身的版型从视觉上拉长身形，构造曼妙身姿，七分袖长度露出纤细修长的手腕线条，举手投足之间绽放出女性的独特魅力。,这款针织衫采用宽松的版型设计，对身材没有束缚感，遮肉显瘦效果好。简约大方的圆领设计，修饰脖颈线条。短款的版型设计，拉高腰线，凸显大长腿。七分袖设计，露出纤细手臂，彰显青春活力。,简约的针织衫，七分袖的设计，凸显纤细的手臂线条，彰显女性的柔美气质。圆领设计，修饰脖颈线条，简洁大方。短款的版型，拉长身材比例，显高显瘦。,sft,dpo_v2的描述只是对商品属性的复述，有点生硬
test_000109,商品属性：类型=上衣；版型=宽松；颜色=红色；风格=休闲；图案=复古；衣样式=外套；衣门襟=拉链；衣款式=拉链。,这一季度的秋冬新款外套，依旧融合经典三道杠系列，打造十足复古优雅魅力。这款外套配色上选择了热情又带有复古韵味的红色暗纹设计，碰撞出优雅简约时尚质感，白色三道杠点缀在袖部，更为外套添加经典复古风潮。白色的拉链与胸前的三叶草logo互相呼应，整体配色不会过多，又不至于单调，是足够日常的休闲造型。宽松开襟造型搭配柔软保暖的舒适质感，实属轻松满足秋冬需要的街头造型。,这件红色的外套，整体看起来十分的帅气又充满着青春活力感。宽松的版型设计，能够很好的遮住身体上的赘肉，轻松穿出纤细的身材。袖口和下摆的拉链设计，增添了整体的时尚感。复古的格子元素，彰显了浓浓的英伦风。休闲感十足，让你在日常生活中也可以轻松的凹造型。,这款外套采用的是经典的棒球服廓形设计，休闲的版型，宽松舒适，对身材没有约束感。红色的配色，衬托出男士热情奔放的性格。门襟采用的是金属拉链，质感十足，复古帅气。,sft,dpo_v2的描述只是对商品属性的复述，有点生硬
test_000088,商品属性：类型=裙；材质=蕾丝；图案=蕾丝；裙长=连衣裙。,美好的春夏季节，可以用一款美美的蕾丝裙来应景，它会穿出你的精致与优雅，让你美得独特与别致。这款裙子上的蕾丝，具有很好的肌理感与挺括度，层次立体丰富，仿佛雕刻上去的一样，蕾丝的存在，让连衣裙别有风情与韵味。,这款连衣裙采用精美的蕾丝花型，凸显出女性的甜美气质。胸前的蝴蝶结装饰，增添一丝可爱俏皮的感觉，让你看起来更加温柔迷人。裙子整体采用透视设计，若隐若现的露出肌肤，更显神秘撩人。,这款连衣裙的蕾丝设计，尽显女性优雅气质，同时又能够修饰身材，凸显出女性柔美曲线。而裙身上的星星点缀，打破了整体的单调感，增加了视觉亮点，使裙子更加时尚。,dpo_v2,dpo_v2的语言描述更自然
test_000242,商品属性：类型=上衣；版型=立体剪裁；材质=水洗；风格=休闲；衣样式=衬衫；衣领型=翻领。,这款军事徽章休闲衬衫选用特色牛津纺面料制作，经过怀旧水洗工艺处理后，复刻出自然落色效果，更显时尚美观；翻领的设计让衣身更加具有时尚感，干练精神，更显年轻活力；而修身版型采用立体裁剪设计，提升时尚气质，彰显男士独特魅力。,这款牛仔衬衫采用柔软的水洗棉质面料，穿着舒适亲肤，具有良好的透气性。经典的翻领设计，衬托出精致的小脸，展现都市女性干练利落的气质。立体剪裁的版型，修饰身形，尽显曼妙身姿。搭配休闲裤，轻松打造出都市女性的时尚魅力。,这款牛仔衬衫，采用纯棉面料，经过水洗磨白工艺，触感柔软舒适，穿着透气吸汗，彰显时尚休闲风。立体裁剪，简洁的翻领设计，修饰颈部线条，凸显男士帅气利落的气场。,sft,sft的描述总会增加一个对这个上一商品的下衣搭配建议，更具有亲切感
test_000040,商品属性：类型=上衣；版型=显瘦；图案=线条；衣样式=衬衫；衣袖长=长袖。,基础款的条纹衬衫，圆形的领口修饰精美的颈部线条，使得脸型也变得更加的小巧精致，长袖的设计贴合手臂的线条时，手臂更加的纤细活动自如。修身的版型穿在身上贴合身体线条，选用优质的面料，舒适柔软而又亲肤，适合贴身穿着,衬衫是日常穿搭中必不可少的单品，这款衬衫采用宽松的版型设计，上身遮肉显瘦，不挑身材，适合各种体型的人穿着。长袖的设计，修饰手臂线条，更显纤细修长。,衬衫的领口采用的是小立领的设计，这样的设计可以很好的修饰颈部线条，展现出修长白皙的脖颈。长袖的版型可以很好的遮住手臂上的肉肉，起到显瘦的作用。下摆开叉的设计可以很好的修饰臀部线条，展现出玲珑有致的身材。,dpo_v2,dpo_v2的语言描述更自然更具有交流感
test_000056,商品属性：类型=上衣；风格=性感；图案=蝴蝶结；衣样式=衬衫；衣款式=荷叶边。,此款荷叶边衬衫采用多种材料拼接打造而成，质感细腻柔和，上身效果极佳，温暖而舒适；经典的荷叶边袖子处理，传递出优雅清新的气质；脖颈间的蝴蝶结装饰，呈现出一派甜美可爱的女性气息；精致的纽扣点缀，彰显新颖个性感。,这款衬衫领口采用的是蝴蝶结设计，不仅打破了传统的单调感，而且还能凸显出女性的甜美气质。袖口采用的是荷叶边设计，能够很好的修饰手臂线条，彰显出女性的柔美气质。后背采用的是露背设计，能够更好的展现女性的性感一面。,这款衬衫采用精致的碎花点缀，尽显甜美优雅气质。领口采用蝴蝶结设计，更添几分俏皮感。肩部荷叶边装饰，丰富了整体层次感。露肩设计，展现女性的性感一面。,sft,dpo_v2的描述“采用精致的碎花点缀”这个是商品属性没有的
test_000196,商品属性：类型=裙；裙长=半身裙。,这款半身裙，选用的是优质的高品质面料，做工精湛，面料的质地细腻，手感柔软舒适，纹理清晰美观，穿着结实耐磨，内衬安全裤的设计长度适中，穿着舒适透气。,这款半身裙，采用精致的花边设计，不仅能够提升整体的时尚气息，还能让裙子更加的与众不同，彰显出女性的优雅气质。下摆的开叉设计，既方便穿脱，又能拉长腿部比例。,这款半身裙，整体设计十分的简约大气，没有过多复杂的装饰，上身却丝毫不显得单调。裙身采用优质面料，手感柔滑细腻，穿着舒适亲肤。,dpo_v2,sft的描述“下摆的开叉设计”是商品属性没有的
test_000087,商品属性：类型=裙；材质=蕾丝；图案=蕾丝；裙长=连衣裙。,春天到了。仙女们都换上了美美的连衣裙，经典充满魅力的蕾丝元素怎么可以少呢，梦幻精致的水溶蕾丝，带有非常甜美的减龄皱褶裙摆，满满少女心。,这款连衣裙的袖子采用蕾丝拼接的设计，使得整体看起来更有层次感，上身穿着也更加舒适。下摆处的荷叶边设计，让整体看起来更加甜美可爱。,这款连衣裙，采用蕾丝面料制作而成，手感细腻柔软，轻盈飘逸，穿着舒适亲肤。胸前采用蝴蝶结点缀，增添俏皮可爱感。下摆采用开叉设计，行走时摇曳生姿，更显灵动气息。,dpo_v2,sft的描述中“袖子采用蕾丝拼接的设计，使得整体看起来更有层次感”这个前后逻辑没有合适的联系，不应该这么描述
test_000027,商品属性：类型=裤；版型=显瘦；材质=牛仔布；风格=街头；裤长=九分裤；裤口=毛边。,牛仔裤不得不说，的确是衣橱百搭小能手，不知道怎么搭配的时候来一条这样的九分牛仔裤怎么穿都合适，上身真的超级显瘦。九分裤长裤脚撕边，露出精致的脚踝，多了几分时髦感，区别常规的千篇一律，裤脚随性的毛边，演绎着摩登街头感的雅痞气息。,这款牛仔裤采用修身的版型设计，上身更加贴合腿部曲线，让双腿看起来更加修长纤细。九分裤长露出脚踝，让整体造型更加利落干练，彰显出青春活力的气息。裤脚毛边的设计，为整体造型增添了一抹不羁的街头气息。,这款牛仔裤采用了修身的剪裁，上身之后可以很好的贴合腿型，展现修长笔直的大长腿，九分裤的长度，露出纤细的脚踝，看起来更加高挑。裤脚做了磨白和毛边的处理，增添一丝街头的感觉，让整体的造型更加的时髦。,tie,两者描述都贴合商品属性，语言自然流畅，各有亮点不分优劣
test_000024,商品属性：类型=裙；风格=性感；图案=线条；裙长=连衣裙；裙袖型=喇叭袖；裙款式=收腰。,格子元素的连衣裙，既低调内敛，又精致时髦，充分展现出女性风情。考究裁剪的版式，结合收腰的设计，自然贴合身形，展现出纤细迷人的曲线。双肩的镂空造型，凸显出了精致的锁骨线条，平添几分性感的小女人味。裙身多处的木耳边的点缀，呼应柔美的喇叭袖型，缱绻浪漫，尽显甜美少女风。,一款甜美俏皮的连衣裙，采用了收腰的版型设计，勾勒出窈窕的身材曲线。加上甜美的荷叶摆设计，丰富了整体的层次感，尽显女性的浪漫优雅气质。而袖子上的喇叭袖设计，修饰手臂线条的同时，又增添了一丝小性感。,这款连衣裙采用收腰设计，凸显腰部线条，修饰身材比例。精致的喇叭袖口设计，增添几分甜美气息，同时修饰手臂线条，举手投足间更显优雅气质。裙摆飘逸灵动，行走间展现女性性感魅力，整体尽显浪漫情怀。,dpo_v2,dpo_v2的语言描述更丰富更有画面感
test_000098,商品属性：类型=裙；裙下摆=荷叶边；裙长=连衣裙；裙款式=勾花镂空。,极具设计感的连衣裙，后背处采用了镂空处理，在腰线和两边都加了灵动的荷叶边设计，增添裙身的俏皮感，又能适当的修饰下背部的肉肉，展现曼妙身姿曲线。,这款连衣裙的领口设计采用镂空的设计，展现出女性的柔美气质。裙身的荷叶边设计，丰富了整体的层次感。裙摆的不规则设计，让整体更显灵动飘逸。,这款连衣裙，领口是镂空的设计，露出锁骨，看起来优雅而迷人。袖口的荷叶边装饰，丰富了整体的层次感，也增添了俏皮的气息。裙身的拼接设计，使整体看起来更加立体。,tie,两个都是对于商品属性的白描
test_000025,商品属性：类型=裙；裙型=a字；裙腰型=高腰；裙长=半身裙；裙衣门襟=拉链；裙款式=拉链。,这款半身裙采用高腰的a字版型设计，拉高了腰际线，尽显身材纤细，亮色的漆皮材质，带来了很好的吸睛效果。优质的五金拉链，充满了质感，在细节中彰显出了品质，选用进口的羊皮制成，给你带来舒适的穿着体验。,一款舒适百搭的a字版型半身裙，高腰设计，提升腰线的同时拉长腿部比例，凸显大长腿。侧边隐形拉链，方便穿脱，美观实用。,这款半身裙采用a字版型设计，结合高腰版型剪裁，修饰身形，拉长身材比例。前侧隐形拉链闭合，穿脱方便，彰显品质。,dpo_v2,dpo_v2的语言描述更自然
test_000092,商品属性：类型=裙；版型=显瘦；图案=撞色；裙型=a字；裙腰型=高腰；裙长=半身裙；裙衣门襟=拉链；裙款式=拉链。,腰头钉扣的装饰，精致有型大方。后身拉链的设计，穿着舒适方便。青春少女款百褶裙，让你的小公举气质随便锋芒毕露。这款a字型的半身裙，减龄可以打个高分呢。高腰中带有修身效果，让你的身体看点很足，拉长身高视觉感，裙身的彩色纹理带来时兴指数。打造撞色般的效果，视觉上塑造的震动美感。,这款半身裙采用a字版型设计，遮肉显瘦，高腰设计，拉长身材比例，提升腰线，更显高挑。撞色条纹点缀，丰富视觉效果，更显时髦个性。隐形拉链设计，顺滑无卡顿感，穿脱方便。,这款a字半身裙，高腰的设计，拉高腰线，拉长身材比例，上身显高又显瘦。撞色的条纹设计，丰富视觉效果，时髦又洋气。精致的拉链设计，美观大方，穿脱方便。,dpo_v2,dpo_v2的语言逻辑更自然
test_000261,商品属性：类型=裤；风格=复古；图案=线条；裤型=阔腿裤；裤款式=松紧带。,设计师新颖的将金丝绒面料与阔腿裤的版型相结合，赋予了裤装几分复古的风情，垂顺的面料呈现出拉长腿部线条的视觉效果，更显高挑纤细身姿。松紧带设计，即穿脱更方便，又令其舒适没有束缚感。裤头蝴蝶结系带点缀，尽显女性闲适的自在感。,宽松的版型加上松紧带的设计，使得这款裤子穿着舒适无束缚感。阔腿裤型设计，修饰腿部线条，凸显纤细大长腿。裤脚磨毛处理，彰显复古时髦气息。,这款裤子是阔腿裤的版型，能够很好地遮盖腿部线条，让你拥有大长腿。裤脚采用松紧带设计，可以随意调节大小，穿脱更加方便。裤身上的破洞元素，增添了几分复古气息，显得十分时尚。,dpo_v2,dpo_v2的语言描述更丰富更有画面感
test_000089,商品属性：类型=裙；材质=蕾丝；图案=蕾丝；裙长=连衣裙。,唯美动人的连衣裙，穿在身上总是能够彰显出迷人的视觉效果，优雅大气个性别致，造就出了非凡的气质，显得魅力非凡。配以精美大气的蕾丝钩花设计，随时随地凸显出了迷人的视觉效果，彰显出十足的时尚魔力。优雅吸睛的蕾丝钩花还能够彰显出无与伦比的神奇身材，缔造出婀娜的美感。,蕾丝连衣裙的面料选用的是手感细腻顺滑的缎面材质，上身之后亲肤舒适，而且光泽感十足，穿出女性的优雅气质。领口处采用镂空蕾丝拼接的设计，看起来更加的柔美动人，彰显出女性的温柔气质。,这款连衣裙采用优质的蕾丝面料，手感舒适柔软，亲肤透气性好，穿着轻薄透气。裙身采用精致的蕾丝花纹，增添浪漫柔美的气息。裙子下摆的荷叶边设计，修饰腿部曲线，展现女性优雅气质。,tie,两者描述都贴合商品属性，语言自然流畅，各有亮点不分优劣
test_000254,商品属性：类型=裤；版型=显瘦；风格=性感；图案=撞色；裤款式=口袋；裤口=翻折。,修身版型，收裤脚设计，修正腿型衬出纤细柔美的腿部线条，精致显瘦。穿着时挽起裤脚，形成撞色的翻边观感，更具个性感。两侧口袋设计，实用美观。裤管花朵刺绣设计，增添几分神秘浪漫的气质。,这款休闲裤采用宽松的版型设计，穿着舒适的同时，还具有遮肉显瘦的效果。侧边的撞色条纹设计，丰富了整体的层次感，让裤子看起来更加时尚美观。口袋上的贴布装饰，增加了整体的趣味性。裤脚处的翻边设计，增添了休闲随性的气息。弹力腰头的设计，让穿脱变得更加方便。裤脚处的磨毛处理，凸显出一丝小性感。,这款休闲裤采用修身的版型设计，搭配上翻边的设计，修饰腿型，拉长腿部比例，展现修长美腿。侧边的口袋装饰，美观实用，兼具时尚与功能。裤脚的撞色拼接设计，丰富视觉效果，打破单调。裤脚的微喇造型，露出纤细脚踝，尽显女性性感魅力。,dpo_v2,sft的语言描述中前后的字数几乎一样，重复内容有点多
